-- Historical finance repair SQL generated by scripts/historical-finance-repair.mjs
-- Generated before live application. Do not rerun without checking for duplicate HFR-260603 rows.
BEGIN;

INSERT INTO journal_entries (id, entry_number, entry_date, source_module, reference_id, reference_number, description, total_debit, total_credit, is_posted, posted_at, created_by)
VALUES ('b3b07872-fcd6-4e3e-956e-436054572805', 'HFR-260603-COGS-001', '2026-01-15', 'historical_cogs_correction', 'b2ac6308-bfa5-4a07-b534-b25b78b32155', 'SAPJ-26-002', 'Historical COGS correction for SAPJ-26-002; additive repair HFR-260603', 568242957, 568242957, true, '2026-06-03T03:51:52.452Z', '87d975a9-2a46-49a5-9014-f244d1140aba');

INSERT INTO journal_entry_lines (id, journal_entry_id, line_number, account_id, description, debit, credit, customer_id)
VALUES ('4ab7f688-a753-4335-8eba-cc8d93f9e7e0', 'b3b07872-fcd6-4e3e-956e-436054572805', 1, 'f78ba556-94ff-456b-8645-34d6b0494d97', 'Historical COGS correction - SAPJ-26-002', 568242957, 0, '6dfbae47-f590-456b-bcbd-99e8d85963a1');
INSERT INTO journal_entry_lines (id, journal_entry_id, line_number, account_id, description, debit, credit, customer_id)
VALUES ('5bf6bcaf-5ebd-42be-a966-765616b3ff4f', 'b3b07872-fcd6-4e3e-956e-436054572805', 2, 'cf7cd507-ff0d-4abf-9341-23e4177ad799', 'Historical inventory credit for COGS correction - SAPJ-26-002', 0, 568242957, '6dfbae47-f590-456b-bcbd-99e8d85963a1');

INSERT INTO journal_entries (id, entry_number, entry_date, source_module, reference_id, reference_number, description, total_debit, total_credit, is_posted, posted_at, created_by)
VALUES ('865d8c69-6896-4e39-84d9-38b24779ff86', 'HFR-260603-COGS-002', '2026-04-10', 'historical_cogs_correction', 'f438f21c-6274-4ac3-b623-b40ee60b3a79', 'SAPJ-26-010', 'Historical COGS correction for SAPJ-26-010; additive repair HFR-260603', 489719970, 489719970, true, '2026-06-03T03:51:52.452Z', 'cd7b9d5f-d45c-4b5f-b113-68505a8cae27');

INSERT INTO journal_entry_lines (id, journal_entry_id, line_number, account_id, description, debit, credit, customer_id)
VALUES ('eb081a29-21e3-4e47-b6f8-781fadd26157', '865d8c69-6896-4e39-84d9-38b24779ff86', 1, 'f78ba556-94ff-456b-8645-34d6b0494d97', 'Historical COGS correction - SAPJ-26-010', 489719970, 0, '47410ca0-44b7-423a-8d85-09bdc3aa2c78');
INSERT INTO journal_entry_lines (id, journal_entry_id, line_number, account_id, description, debit, credit, customer_id)
VALUES ('2231c3f7-a898-42fc-a404-656a95866be7', '865d8c69-6896-4e39-84d9-38b24779ff86', 2, 'cf7cd507-ff0d-4abf-9341-23e4177ad799', 'Historical inventory credit for COGS correction - SAPJ-26-010', 0, 489719970, '47410ca0-44b7-423a-8d85-09bdc3aa2c78');

INSERT INTO journal_entries (id, entry_number, entry_date, source_module, reference_id, reference_number, description, total_debit, total_credit, is_posted, posted_at, created_by)
VALUES ('b0be771b-b584-461e-959b-691c11bc0741', 'HFR-260603-COGS-003', '2026-05-04', 'historical_cogs_correction', 'fa9834dc-3a4d-47d9-953e-7bacd5479bcd', 'SAPJ-26-016', 'Historical COGS correction for SAPJ-26-016; additive repair HFR-260603', 378828638, 378828638, true, '2026-06-03T03:51:52.452Z', 'cd7b9d5f-d45c-4b5f-b113-68505a8cae27');

INSERT INTO journal_entry_lines (id, journal_entry_id, line_number, account_id, description, debit, credit, customer_id)
VALUES ('26d5fcaa-8b64-4874-a008-9748ff53b49c', 'b0be771b-b584-461e-959b-691c11bc0741', 1, 'f78ba556-94ff-456b-8645-34d6b0494d97', 'Historical COGS correction - SAPJ-26-016', 378828638, 0, '26f452e7-3afc-4257-bb1f-d0a3c230fb9c');
INSERT INTO journal_entry_lines (id, journal_entry_id, line_number, account_id, description, debit, credit, customer_id)
VALUES ('baddbfc4-4d0d-4514-9723-2cacc64b1134', 'b0be771b-b584-461e-959b-691c11bc0741', 2, 'cf7cd507-ff0d-4abf-9341-23e4177ad799', 'Historical inventory credit for COGS correction - SAPJ-26-016', 0, 378828638, '26f452e7-3afc-4257-bb1f-d0a3c230fb9c');

INSERT INTO journal_entries (id, entry_number, entry_date, source_module, reference_id, reference_number, description, total_debit, total_credit, is_posted, posted_at, created_by)
VALUES ('040ef65b-4d4e-4e41-9af7-63ce80040ebb', 'HFR-260603-COGS-004', '2025-11-29', 'historical_cogs_correction', '5d602dbd-0b0d-4c73-ad43-2fc979903032', 'SAPJ-005', 'Historical COGS correction for SAPJ-005; additive repair HFR-260603', 311990240, 311990240, true, '2026-06-03T03:51:52.452Z', NULL);

INSERT INTO journal_entry_lines (id, journal_entry_id, line_number, account_id, description, debit, credit, customer_id)
VALUES ('29dd30b0-5933-40f7-baee-3b0e9c1da8b9', '040ef65b-4d4e-4e41-9af7-63ce80040ebb', 1, 'f78ba556-94ff-456b-8645-34d6b0494d97', 'Historical COGS correction - SAPJ-005', 311990240, 0, '07129eb5-9381-43b9-9417-5e224cd04684');
INSERT INTO journal_entry_lines (id, journal_entry_id, line_number, account_id, description, debit, credit, customer_id)
VALUES ('b5b21b6a-cb7a-40fb-8b48-4d87ee377fd3', '040ef65b-4d4e-4e41-9af7-63ce80040ebb', 2, 'cf7cd507-ff0d-4abf-9341-23e4177ad799', 'Historical inventory credit for COGS correction - SAPJ-005', 0, 311990240, '07129eb5-9381-43b9-9417-5e224cd04684');

INSERT INTO journal_entries (id, entry_number, entry_date, source_module, reference_id, reference_number, description, total_debit, total_credit, is_posted, posted_at, created_by)
VALUES ('acf6c7df-7b7c-4410-9763-10e0e246c1b3', 'HFR-260603-COGS-005', '2026-02-16', 'historical_cogs_correction', '182602a2-9e2f-45cf-a69c-d77d59f46054', 'SAPJ-26-005', 'Historical COGS correction for SAPJ-26-005; additive repair HFR-260603', 192088750, 192088750, true, '2026-06-03T03:51:52.452Z', 'cd7b9d5f-d45c-4b5f-b113-68505a8cae27');

INSERT INTO journal_entry_lines (id, journal_entry_id, line_number, account_id, description, debit, credit, customer_id)
VALUES ('4f21cdeb-87fa-4f3a-b7f2-e573863559ea', 'acf6c7df-7b7c-4410-9763-10e0e246c1b3', 1, 'f78ba556-94ff-456b-8645-34d6b0494d97', 'Historical COGS correction - SAPJ-26-005', 192088750, 0, 'a76ba961-75f3-40d6-b87a-594b451918ff');
INSERT INTO journal_entry_lines (id, journal_entry_id, line_number, account_id, description, debit, credit, customer_id)
VALUES ('4007c8c6-e6c1-4d57-acf4-e218b0bf0cd6', 'acf6c7df-7b7c-4410-9763-10e0e246c1b3', 2, 'cf7cd507-ff0d-4abf-9341-23e4177ad799', 'Historical inventory credit for COGS correction - SAPJ-26-005', 0, 192088750, 'a76ba961-75f3-40d6-b87a-594b451918ff');

INSERT INTO journal_entries (id, entry_number, entry_date, source_module, reference_id, reference_number, description, total_debit, total_credit, is_posted, posted_at, created_by)
VALUES ('4bdccab1-2e17-4fd9-8aa3-44a56369037f', 'HFR-260603-COGS-006', '2026-02-16', 'historical_cogs_correction', '300e00ac-8641-4893-8d35-93972eff04b2', 'SAPJ-26-004', 'Historical COGS correction for SAPJ-26-004; additive repair HFR-260603', 165261630, 165261630, true, '2026-06-03T03:51:52.452Z', 'cd7b9d5f-d45c-4b5f-b113-68505a8cae27');

INSERT INTO journal_entry_lines (id, journal_entry_id, line_number, account_id, description, debit, credit, customer_id)
VALUES ('08a3721b-4ac9-46a7-9dc8-3644b4ed5366', '4bdccab1-2e17-4fd9-8aa3-44a56369037f', 1, 'f78ba556-94ff-456b-8645-34d6b0494d97', 'Historical COGS correction - SAPJ-26-004', 165261630, 0, '11f7f041-ccc8-4049-9f13-368783ce2f1e');
INSERT INTO journal_entry_lines (id, journal_entry_id, line_number, account_id, description, debit, credit, customer_id)
VALUES ('80295b5a-2b00-4b99-8abd-2b32dee27c08', '4bdccab1-2e17-4fd9-8aa3-44a56369037f', 2, 'cf7cd507-ff0d-4abf-9341-23e4177ad799', 'Historical inventory credit for COGS correction - SAPJ-26-004', 0, 165261630, '11f7f041-ccc8-4049-9f13-368783ce2f1e');

INSERT INTO journal_entries (id, entry_number, entry_date, source_module, reference_id, reference_number, description, total_debit, total_credit, is_posted, posted_at, created_by)
VALUES ('63a644d8-de87-4acc-8fa6-958c55965986', 'HFR-260603-COGS-007', '2025-12-24', 'historical_cogs_correction', '4030d13f-d41a-4201-8257-a93604641598', 'SAPJ-010', 'Historical COGS correction for SAPJ-010; additive repair HFR-260603', 162536031, 162536031, true, '2026-06-03T03:51:52.452Z', '87d975a9-2a46-49a5-9014-f244d1140aba');

INSERT INTO journal_entry_lines (id, journal_entry_id, line_number, account_id, description, debit, credit, customer_id)
VALUES ('87764dae-af1c-46c1-8cb8-ba4839666297', '63a644d8-de87-4acc-8fa6-958c55965986', 1, 'f78ba556-94ff-456b-8645-34d6b0494d97', 'Historical COGS correction - SAPJ-010', 162536031, 0, 'a76ba961-75f3-40d6-b87a-594b451918ff');
INSERT INTO journal_entry_lines (id, journal_entry_id, line_number, account_id, description, debit, credit, customer_id)
VALUES ('dbc28777-e459-4e62-a2db-cdf169c9178c', '63a644d8-de87-4acc-8fa6-958c55965986', 2, 'cf7cd507-ff0d-4abf-9341-23e4177ad799', 'Historical inventory credit for COGS correction - SAPJ-010', 0, 162536031, 'a76ba961-75f3-40d6-b87a-594b451918ff');

INSERT INTO journal_entries (id, entry_number, entry_date, source_module, reference_id, reference_number, description, total_debit, total_credit, is_posted, posted_at, created_by)
VALUES ('0ff4374f-fdc5-417c-ab05-38be78c85680', 'HFR-260603-COGS-008', '2026-04-13', 'historical_cogs_correction', '03162b99-b06b-475b-b00c-e14cb9dd6123', 'SAPJ-26-013', 'Historical COGS correction for SAPJ-26-013; additive repair HFR-260603', 104380524, 104380524, true, '2026-06-03T03:51:52.452Z', 'cd7b9d5f-d45c-4b5f-b113-68505a8cae27');

INSERT INTO journal_entry_lines (id, journal_entry_id, line_number, account_id, description, debit, credit, customer_id)
VALUES ('b77ae169-549c-44b1-8ec5-290af2fec354', '0ff4374f-fdc5-417c-ab05-38be78c85680', 1, 'f78ba556-94ff-456b-8645-34d6b0494d97', 'Historical COGS correction - SAPJ-26-013', 104380524, 0, '47410ca0-44b7-423a-8d85-09bdc3aa2c78');
INSERT INTO journal_entry_lines (id, journal_entry_id, line_number, account_id, description, debit, credit, customer_id)
VALUES ('f58efe4d-47be-4505-94ce-8e3f418b98e8', '0ff4374f-fdc5-417c-ab05-38be78c85680', 2, 'cf7cd507-ff0d-4abf-9341-23e4177ad799', 'Historical inventory credit for COGS correction - SAPJ-26-013', 0, 104380524, '47410ca0-44b7-423a-8d85-09bdc3aa2c78');

INSERT INTO journal_entries (id, entry_number, entry_date, source_module, reference_id, reference_number, description, total_debit, total_credit, is_posted, posted_at, created_by)
VALUES ('49b534b6-dc2c-4b56-94fe-57fcab4683b9', 'HFR-260603-COGS-009', '2026-01-15', 'historical_cogs_correction', '12aef5ac-e4c3-446e-b92e-baff1d841f1d', 'SAPJ-26-001', 'Historical COGS correction for SAPJ-26-001; additive repair HFR-260603', 70223442, 70223442, true, '2026-06-03T03:51:52.452Z', '87d975a9-2a46-49a5-9014-f244d1140aba');

INSERT INTO journal_entry_lines (id, journal_entry_id, line_number, account_id, description, debit, credit, customer_id)
VALUES ('496580bf-220a-431a-863e-be134ae20925', '49b534b6-dc2c-4b56-94fe-57fcab4683b9', 1, 'f78ba556-94ff-456b-8645-34d6b0494d97', 'Historical COGS correction - SAPJ-26-001', 70223442, 0, '07129eb5-9381-43b9-9417-5e224cd04684');
INSERT INTO journal_entry_lines (id, journal_entry_id, line_number, account_id, description, debit, credit, customer_id)
VALUES ('c04ee0cb-0716-450f-9829-4f58eb3a4d9f', '49b534b6-dc2c-4b56-94fe-57fcab4683b9', 2, 'cf7cd507-ff0d-4abf-9341-23e4177ad799', 'Historical inventory credit for COGS correction - SAPJ-26-001', 0, 70223442, '07129eb5-9381-43b9-9417-5e224cd04684');

INSERT INTO journal_entries (id, entry_number, entry_date, source_module, reference_id, reference_number, description, total_debit, total_credit, is_posted, posted_at, created_by)
VALUES ('5e68d6f0-da7b-4eb4-8311-4bb30e2dedb3', 'HFR-260603-COGS-010', '2025-12-15', 'historical_cogs_correction', 'fbb11a73-7935-469b-991b-32daf13dae4e', 'SAPJ-009', 'Historical COGS correction for SAPJ-009; additive repair HFR-260603', 70197804, 70197804, true, '2026-06-03T03:51:52.453Z', '87d975a9-2a46-49a5-9014-f244d1140aba');

INSERT INTO journal_entry_lines (id, journal_entry_id, line_number, account_id, description, debit, credit, customer_id)
VALUES ('8c8255d1-2a45-4e4f-b707-dfbcec6bae81', '5e68d6f0-da7b-4eb4-8311-4bb30e2dedb3', 1, 'f78ba556-94ff-456b-8645-34d6b0494d97', 'Historical COGS correction - SAPJ-009', 70197804, 0, '07129eb5-9381-43b9-9417-5e224cd04684');
INSERT INTO journal_entry_lines (id, journal_entry_id, line_number, account_id, description, debit, credit, customer_id)
VALUES ('c8756526-fde0-422d-96a8-fd6185889146', '5e68d6f0-da7b-4eb4-8311-4bb30e2dedb3', 2, 'cf7cd507-ff0d-4abf-9341-23e4177ad799', 'Historical inventory credit for COGS correction - SAPJ-009', 0, 70197804, '07129eb5-9381-43b9-9417-5e224cd04684');

INSERT INTO journal_entries (id, entry_number, entry_date, source_module, reference_id, reference_number, description, total_debit, total_credit, is_posted, posted_at, created_by)
VALUES ('efa6c648-ded5-44c9-94be-b78759c6f0fe', 'HFR-260603-COGS-011', '2026-05-05', 'historical_cogs_correction', '662a7c07-df0a-463a-ba0c-2cff6381907f', 'SAPJ-26-017', 'Historical COGS correction for SAPJ-26-017; additive repair HFR-260603', 70197804, 70197804, true, '2026-06-03T03:51:52.453Z', 'cd7b9d5f-d45c-4b5f-b113-68505a8cae27');

INSERT INTO journal_entry_lines (id, journal_entry_id, line_number, account_id, description, debit, credit, customer_id)
VALUES ('9d13d53c-ec36-45c5-9dbe-45a7438b9a5c', 'efa6c648-ded5-44c9-94be-b78759c6f0fe', 1, 'f78ba556-94ff-456b-8645-34d6b0494d97', 'Historical COGS correction - SAPJ-26-017', 70197804, 0, '47410ca0-44b7-423a-8d85-09bdc3aa2c78');
INSERT INTO journal_entry_lines (id, journal_entry_id, line_number, account_id, description, debit, credit, customer_id)
VALUES ('6772591d-46a0-46a9-aaa6-6d17d931dae6', 'efa6c648-ded5-44c9-94be-b78759c6f0fe', 2, 'cf7cd507-ff0d-4abf-9341-23e4177ad799', 'Historical inventory credit for COGS correction - SAPJ-26-017', 0, 70197804, '47410ca0-44b7-423a-8d85-09bdc3aa2c78');

INSERT INTO journal_entries (id, entry_number, entry_date, source_module, reference_id, reference_number, description, total_debit, total_credit, is_posted, posted_at, created_by)
VALUES ('41676a4a-4265-42ae-8157-b52b338ef306', 'HFR-260603-COGS-012', '2026-05-07', 'historical_cogs_correction', '22c3799b-59dd-4ddb-9085-b4a68e6dbedc', 'SAPJ-26-018', 'Historical COGS correction for SAPJ-26-018; additive repair HFR-260603', 66509316, 66509316, true, '2026-06-03T03:51:52.453Z', 'cd7b9d5f-d45c-4b5f-b113-68505a8cae27');

INSERT INTO journal_entry_lines (id, journal_entry_id, line_number, account_id, description, debit, credit, customer_id)
VALUES ('0caadd54-778a-44a3-90bd-834593547eb1', '41676a4a-4265-42ae-8157-b52b338ef306', 1, 'f78ba556-94ff-456b-8645-34d6b0494d97', 'Historical COGS correction - SAPJ-26-018', 66509316, 0, '47410ca0-44b7-423a-8d85-09bdc3aa2c78');
INSERT INTO journal_entry_lines (id, journal_entry_id, line_number, account_id, description, debit, credit, customer_id)
VALUES ('386375bf-c7e7-4072-8b18-e65075ebee74', '41676a4a-4265-42ae-8157-b52b338ef306', 2, 'cf7cd507-ff0d-4abf-9341-23e4177ad799', 'Historical inventory credit for COGS correction - SAPJ-26-018', 0, 66509316, '47410ca0-44b7-423a-8d85-09bdc3aa2c78');

INSERT INTO journal_entries (id, entry_number, entry_date, source_module, reference_id, reference_number, description, total_debit, total_credit, is_posted, posted_at, created_by)
VALUES ('401172e7-17c5-49b6-badd-178d78b05bb9', 'HFR-260603-COGS-013', '2026-05-07', 'historical_cogs_correction', '850ff16e-7cf3-447f-bf3e-99ed8135eba3', 'SAPJ-26-019', 'Historical COGS correction for SAPJ-26-019; additive repair HFR-260603', 49401967.5, 49401967.5, true, '2026-06-03T03:51:52.453Z', 'cd7b9d5f-d45c-4b5f-b113-68505a8cae27');

INSERT INTO journal_entry_lines (id, journal_entry_id, line_number, account_id, description, debit, credit, customer_id)
VALUES ('444bd6b5-9ec4-4b5d-a7c3-39aec4cab77c', '401172e7-17c5-49b6-badd-178d78b05bb9', 1, 'f78ba556-94ff-456b-8645-34d6b0494d97', 'Historical COGS correction - SAPJ-26-019', 49401967.5, 0, '47410ca0-44b7-423a-8d85-09bdc3aa2c78');
INSERT INTO journal_entry_lines (id, journal_entry_id, line_number, account_id, description, debit, credit, customer_id)
VALUES ('29ff1dd2-e6bb-4c6b-9d58-08ba79bfa941', '401172e7-17c5-49b6-badd-178d78b05bb9', 2, 'cf7cd507-ff0d-4abf-9341-23e4177ad799', 'Historical inventory credit for COGS correction - SAPJ-26-019', 0, 49401967.5, '47410ca0-44b7-423a-8d85-09bdc3aa2c78');

INSERT INTO journal_entries (id, entry_number, entry_date, source_module, reference_id, reference_number, description, total_debit, total_credit, is_posted, posted_at, created_by)
VALUES ('60f67a78-42b1-448f-a43b-aab323004ceb', 'HFR-260603-COGS-014', '2026-02-09', 'historical_cogs_correction', '0709e1a2-bc80-4b64-a93d-52776293f44a', 'SAPJ-26-003', 'Historical COGS correction for SAPJ-26-003; additive repair HFR-260603', 39326127.3, 39326127.3, true, '2026-06-03T03:51:52.453Z', 'a82db049-ed45-4861-a115-a20155129f3a');

INSERT INTO journal_entry_lines (id, journal_entry_id, line_number, account_id, description, debit, credit, customer_id)
VALUES ('6c86ab0e-8623-4e05-91f4-0c6a4f4497d0', '60f67a78-42b1-448f-a43b-aab323004ceb', 1, 'f78ba556-94ff-456b-8645-34d6b0494d97', 'Historical COGS correction - SAPJ-26-003', 39326127.3, 0, '47410ca0-44b7-423a-8d85-09bdc3aa2c78');
INSERT INTO journal_entry_lines (id, journal_entry_id, line_number, account_id, description, debit, credit, customer_id)
VALUES ('e6546f23-5485-4dbe-9bc2-67b9c80cdb53', '60f67a78-42b1-448f-a43b-aab323004ceb', 2, 'cf7cd507-ff0d-4abf-9341-23e4177ad799', 'Historical inventory credit for COGS correction - SAPJ-26-003', 0, 39326127.3, '47410ca0-44b7-423a-8d85-09bdc3aa2c78');

INSERT INTO journal_entries (id, entry_number, entry_date, source_module, reference_id, reference_number, description, total_debit, total_credit, is_posted, posted_at, created_by)
VALUES ('ab00d4be-914c-4f67-8181-c24481f3f5f6', 'HFR-260603-COGS-015', '2026-04-14', 'historical_cogs_correction', '1c99831b-5364-4be9-99c4-59e266ec79ee', 'SAPJ-26-014', 'Historical COGS correction for SAPJ-26-014; additive repair HFR-260603', 39326127.3, 39326127.3, true, '2026-06-03T03:51:52.453Z', 'cd7b9d5f-d45c-4b5f-b113-68505a8cae27');

INSERT INTO journal_entry_lines (id, journal_entry_id, line_number, account_id, description, debit, credit, customer_id)
VALUES ('1c17630e-e9a0-45e2-b6e4-6c17b09a12ac', 'ab00d4be-914c-4f67-8181-c24481f3f5f6', 1, 'f78ba556-94ff-456b-8645-34d6b0494d97', 'Historical COGS correction - SAPJ-26-014', 39326127.3, 0, '33bab483-e4b0-4a3a-a0cc-e5309c170ce1');
INSERT INTO journal_entry_lines (id, journal_entry_id, line_number, account_id, description, debit, credit, customer_id)
VALUES ('634bb098-2e4a-4b08-baab-5d53b9713c85', 'ab00d4be-914c-4f67-8181-c24481f3f5f6', 2, 'cf7cd507-ff0d-4abf-9341-23e4177ad799', 'Historical inventory credit for COGS correction - SAPJ-26-014', 0, 39326127.3, '33bab483-e4b0-4a3a-a0cc-e5309c170ce1');

INSERT INTO journal_entries (id, entry_number, entry_date, source_module, reference_id, reference_number, description, total_debit, total_credit, is_posted, posted_at, created_by)
VALUES ('c96c783b-37a7-4923-a499-0c41383853f3', 'HFR-260603-COGS-016', '2025-12-16', 'historical_cogs_correction', '246f8684-a51c-4f09-a5e0-dac7aab39ae6', 'SAPJ-008', 'Historical COGS correction for SAPJ-008; additive repair HFR-260603', 33786243.27, 33786243.27, true, '2026-06-03T03:51:52.453Z', '87d975a9-2a46-49a5-9014-f244d1140aba');

INSERT INTO journal_entry_lines (id, journal_entry_id, line_number, account_id, description, debit, credit, customer_id)
VALUES ('0ac766aa-8450-4acd-ad36-d4bbc0ad2f96', 'c96c783b-37a7-4923-a499-0c41383853f3', 1, 'f78ba556-94ff-456b-8645-34d6b0494d97', 'Historical COGS correction - SAPJ-008', 33786243.27, 0, '47410ca0-44b7-423a-8d85-09bdc3aa2c78');
INSERT INTO journal_entry_lines (id, journal_entry_id, line_number, account_id, description, debit, credit, customer_id)
VALUES ('2921ad06-2abf-4bd1-9f99-4637915603f7', 'c96c783b-37a7-4923-a499-0c41383853f3', 2, 'cf7cd507-ff0d-4abf-9341-23e4177ad799', 'Historical inventory credit for COGS correction - SAPJ-008', 0, 33786243.27, '47410ca0-44b7-423a-8d85-09bdc3aa2c78');

INSERT INTO journal_entries (id, entry_number, entry_date, source_module, reference_id, reference_number, description, total_debit, total_credit, is_posted, posted_at, created_by)
VALUES ('43c268b8-ab59-4054-b06c-d23608b966a5', 'HFR-260603-COGS-017', '2026-04-10', 'historical_cogs_correction', '0752ad11-554b-4893-b5a6-d671ed60e900', 'SAPJ-26-011', 'Historical COGS correction for SAPJ-26-011; additive repair HFR-260603', 31823611, 31823611, true, '2026-06-03T03:51:52.453Z', 'cd7b9d5f-d45c-4b5f-b113-68505a8cae27');

INSERT INTO journal_entry_lines (id, journal_entry_id, line_number, account_id, description, debit, credit, customer_id)
VALUES ('2f8bd3c1-1567-4e4e-9b63-953d637ed292', '43c268b8-ab59-4054-b06c-d23608b966a5', 1, 'f78ba556-94ff-456b-8645-34d6b0494d97', 'Historical COGS correction - SAPJ-26-011', 31823611, 0, '47410ca0-44b7-423a-8d85-09bdc3aa2c78');
INSERT INTO journal_entry_lines (id, journal_entry_id, line_number, account_id, description, debit, credit, customer_id)
VALUES ('1989e8b0-267b-4fee-b817-ac0900d59cef', '43c268b8-ab59-4054-b06c-d23608b966a5', 2, 'cf7cd507-ff0d-4abf-9341-23e4177ad799', 'Historical inventory credit for COGS correction - SAPJ-26-011', 0, 31823611, '47410ca0-44b7-423a-8d85-09bdc3aa2c78');

INSERT INTO journal_entries (id, entry_number, entry_date, source_module, reference_id, reference_number, description, total_debit, total_credit, is_posted, posted_at, created_by)
VALUES ('26887c6a-27a8-47ea-a381-c967775c8d96', 'HFR-260603-COGS-018', '2025-12-02', 'historical_cogs_correction', '10d6aa18-82bb-4cb5-825b-7e29629aa148', 'SAPJ-002', 'Historical COGS correction for SAPJ-002; additive repair HFR-260603', 30078612.75, 30078612.75, true, '2026-06-03T03:51:52.453Z', '87d975a9-2a46-49a5-9014-f244d1140aba');

INSERT INTO journal_entry_lines (id, journal_entry_id, line_number, account_id, description, debit, credit, customer_id)
VALUES ('44f2f665-eee9-4f9f-8b81-0c0948d07ea2', '26887c6a-27a8-47ea-a381-c967775c8d96', 1, 'f78ba556-94ff-456b-8645-34d6b0494d97', 'Historical COGS correction - SAPJ-002', 30078612.75, 0, 'a76ba961-75f3-40d6-b87a-594b451918ff');
INSERT INTO journal_entry_lines (id, journal_entry_id, line_number, account_id, description, debit, credit, customer_id)
VALUES ('b6224e6c-ca8d-495d-9c6e-3d449bc74407', '26887c6a-27a8-47ea-a381-c967775c8d96', 2, 'cf7cd507-ff0d-4abf-9341-23e4177ad799', 'Historical inventory credit for COGS correction - SAPJ-002', 0, 30078612.75, 'a76ba961-75f3-40d6-b87a-594b451918ff');

INSERT INTO journal_entries (id, entry_number, entry_date, source_module, reference_id, reference_number, description, total_debit, total_credit, is_posted, posted_at, created_by)
VALUES ('74745077-4a4a-4445-8ec1-7769839131b5', 'HFR-260603-COGS-019', '2026-02-26', 'historical_cogs_correction', '6ee5ec11-ee20-46ae-b24c-16a0ffe279e6', 'SAPJ-26-006', 'Historical COGS correction for SAPJ-26-006; additive repair HFR-260603', 26217418.2, 26217418.2, true, '2026-06-03T03:51:52.453Z', 'cd7b9d5f-d45c-4b5f-b113-68505a8cae27');

INSERT INTO journal_entry_lines (id, journal_entry_id, line_number, account_id, description, debit, credit, customer_id)
VALUES ('d4608406-7f0b-4f84-89e8-be23704e38c3', '74745077-4a4a-4445-8ec1-7769839131b5', 1, 'f78ba556-94ff-456b-8645-34d6b0494d97', 'Historical COGS correction - SAPJ-26-006', 26217418.2, 0, '47410ca0-44b7-423a-8d85-09bdc3aa2c78');
INSERT INTO journal_entry_lines (id, journal_entry_id, line_number, account_id, description, debit, credit, customer_id)
VALUES ('5c7aa777-5700-41cb-8b3d-7c9748df238f', '74745077-4a4a-4445-8ec1-7769839131b5', 2, 'cf7cd507-ff0d-4abf-9341-23e4177ad799', 'Historical inventory credit for COGS correction - SAPJ-26-006', 0, 26217418.2, '47410ca0-44b7-423a-8d85-09bdc3aa2c78');

INSERT INTO journal_entries (id, entry_number, entry_date, source_module, reference_id, reference_number, description, total_debit, total_credit, is_posted, posted_at, created_by)
VALUES ('c8a09161-c214-4f5e-8576-b4bb7821b2d6', 'HFR-260603-COGS-020', '2025-12-02', 'historical_cogs_correction', '4c9ffb98-1e47-4377-8eb6-ec2abdddbb7b', 'SAPJ-003', 'Historical COGS correction for SAPJ-003; additive repair HFR-260603', 23241398, 23241398, true, '2026-06-03T03:51:52.453Z', '87d975a9-2a46-49a5-9014-f244d1140aba');

INSERT INTO journal_entry_lines (id, journal_entry_id, line_number, account_id, description, debit, credit, customer_id)
VALUES ('697a4607-aba1-4c9d-8eb9-ede38735a502', 'c8a09161-c214-4f5e-8576-b4bb7821b2d6', 1, 'f78ba556-94ff-456b-8645-34d6b0494d97', 'Historical COGS correction - SAPJ-003', 23241398, 0, 'a76ba961-75f3-40d6-b87a-594b451918ff');
INSERT INTO journal_entry_lines (id, journal_entry_id, line_number, account_id, description, debit, credit, customer_id)
VALUES ('146ebd8b-0f51-47ba-9e18-1bb3af546aba', 'c8a09161-c214-4f5e-8576-b4bb7821b2d6', 2, 'cf7cd507-ff0d-4abf-9341-23e4177ad799', 'Historical inventory credit for COGS correction - SAPJ-003', 0, 23241398, 'a76ba961-75f3-40d6-b87a-594b451918ff');

INSERT INTO journal_entries (id, entry_number, entry_date, source_module, reference_id, reference_number, description, total_debit, total_credit, is_posted, posted_at, created_by)
VALUES ('4754a66b-fa6c-43fb-93d3-10fae8d601fb', 'HFR-260603-COGS-021', '2026-06-02', 'historical_cogs_correction', '07b8674d-b950-4ca7-b059-089b9626a60b', 'SAPJ-26-021', 'Historical COGS correction for SAPJ-26-021; additive repair HFR-260603', 22004525, 22004525, true, '2026-06-03T03:51:52.453Z', 'cd7b9d5f-d45c-4b5f-b113-68505a8cae27');

INSERT INTO journal_entry_lines (id, journal_entry_id, line_number, account_id, description, debit, credit, customer_id)
VALUES ('67b75a19-92b7-4540-b8e9-6d0d134b35a7', '4754a66b-fa6c-43fb-93d3-10fae8d601fb', 1, 'f78ba556-94ff-456b-8645-34d6b0494d97', 'Historical COGS correction - SAPJ-26-021', 22004525, 0, 'b8f9dc5e-2cdf-4527-8960-186bb2a30913');
INSERT INTO journal_entry_lines (id, journal_entry_id, line_number, account_id, description, debit, credit, customer_id)
VALUES ('3c14cf8d-5982-42a4-b6df-69462f027f3d', '4754a66b-fa6c-43fb-93d3-10fae8d601fb', 2, 'cf7cd507-ff0d-4abf-9341-23e4177ad799', 'Historical inventory credit for COGS correction - SAPJ-26-021', 0, 22004525, 'b8f9dc5e-2cdf-4527-8960-186bb2a30913');

INSERT INTO journal_entries (id, entry_number, entry_date, source_module, reference_id, reference_number, description, total_debit, total_credit, is_posted, posted_at, created_by)
VALUES ('8b809b8c-e0fc-42fa-9a2e-533aa2d443f8', 'HFR-260603-COGS-022', '2026-02-26', 'historical_cogs_correction', '2cea1d8d-55b8-4126-9adb-fbae7d9a357b', 'SAPJ-26-007', 'Historical COGS correction for SAPJ-26-007; additive repair HFR-260603', 17772655, 17772655, true, '2026-06-03T03:51:52.453Z', 'cd7b9d5f-d45c-4b5f-b113-68505a8cae27');

INSERT INTO journal_entry_lines (id, journal_entry_id, line_number, account_id, description, debit, credit, customer_id)
VALUES ('b52a5b83-bb9c-418e-ab56-20aac0cfee8a', '8b809b8c-e0fc-42fa-9a2e-533aa2d443f8', 1, 'f78ba556-94ff-456b-8645-34d6b0494d97', 'Historical COGS correction - SAPJ-26-007', 17772655, 0, '47410ca0-44b7-423a-8d85-09bdc3aa2c78');
INSERT INTO journal_entry_lines (id, journal_entry_id, line_number, account_id, description, debit, credit, customer_id)
VALUES ('6906fd99-95f1-488a-9315-e2af20474a4c', '8b809b8c-e0fc-42fa-9a2e-533aa2d443f8', 2, 'cf7cd507-ff0d-4abf-9341-23e4177ad799', 'Historical inventory credit for COGS correction - SAPJ-26-007', 0, 17772655, '47410ca0-44b7-423a-8d85-09bdc3aa2c78');

INSERT INTO journal_entries (id, entry_number, entry_date, source_module, reference_id, reference_number, description, total_debit, total_credit, is_posted, posted_at, created_by)
VALUES ('d27ce89c-d195-4a25-807d-762cd359bab8', 'HFR-260603-COGS-023', '2025-12-02', 'historical_cogs_correction', '026cf3ec-62ef-4e59-866a-0f362072830b', 'SAPJ-001', 'Historical COGS correction for SAPJ-001; additive repair HFR-260603', 15500668.75, 15500668.75, true, '2026-06-03T03:51:52.453Z', '87d975a9-2a46-49a5-9014-f244d1140aba');

INSERT INTO journal_entry_lines (id, journal_entry_id, line_number, account_id, description, debit, credit, customer_id)
VALUES ('cc6ce970-bbc4-45e8-a842-747280b9e7a7', 'd27ce89c-d195-4a25-807d-762cd359bab8', 1, 'f78ba556-94ff-456b-8645-34d6b0494d97', 'Historical COGS correction - SAPJ-001', 15500668.75, 0, 'a76ba961-75f3-40d6-b87a-594b451918ff');
INSERT INTO journal_entry_lines (id, journal_entry_id, line_number, account_id, description, debit, credit, customer_id)
VALUES ('83a9d7dc-3cfb-4174-99a1-2c555037b61a', 'd27ce89c-d195-4a25-807d-762cd359bab8', 2, 'cf7cd507-ff0d-4abf-9341-23e4177ad799', 'Historical inventory credit for COGS correction - SAPJ-001', 0, 15500668.75, 'a76ba961-75f3-40d6-b87a-594b451918ff');

INSERT INTO journal_entries (id, entry_number, entry_date, source_module, reference_id, reference_number, description, total_debit, total_credit, is_posted, posted_at, created_by)
VALUES ('21c8bd8e-e432-47f4-9686-89bb3cefbca1', 'HFR-260603-COGS-024', '2025-12-24', 'historical_cogs_correction', 'df6059f9-365b-48eb-b3d6-273f4a8b297d', 'SAPJ-011', 'Historical COGS correction for SAPJ-011; additive repair HFR-260603', 15402660, 15402660, true, '2026-06-03T03:51:52.453Z', '87d975a9-2a46-49a5-9014-f244d1140aba');

INSERT INTO journal_entry_lines (id, journal_entry_id, line_number, account_id, description, debit, credit, customer_id)
VALUES ('14666349-0f55-4ff9-9167-9a7f7449b449', '21c8bd8e-e432-47f4-9686-89bb3cefbca1', 1, 'f78ba556-94ff-456b-8645-34d6b0494d97', 'Historical COGS correction - SAPJ-011', 15402660, 0, '2adab0d8-20cf-4392-9e66-e3c0227d2826');
INSERT INTO journal_entry_lines (id, journal_entry_id, line_number, account_id, description, debit, credit, customer_id)
VALUES ('3eb18b39-d601-41ff-89f7-9b3ebe74082e', '21c8bd8e-e432-47f4-9686-89bb3cefbca1', 2, 'cf7cd507-ff0d-4abf-9341-23e4177ad799', 'Historical inventory credit for COGS correction - SAPJ-011', 0, 15402660, '2adab0d8-20cf-4392-9e66-e3c0227d2826');

INSERT INTO journal_entries (id, entry_number, entry_date, source_module, reference_id, reference_number, description, total_debit, total_credit, is_posted, posted_at, created_by)
VALUES ('fb145f49-e6fc-4dd5-bbf6-148f25c17bc8', 'HFR-260603-COGS-025', '2026-04-13', 'historical_cogs_correction', '032ed31b-b08e-4061-9801-1a6cb4f6e07b', 'SAPJ-26-012', 'Historical COGS correction for SAPJ-26-012; additive repair HFR-260603', 9502720, 9502720, true, '2026-06-03T03:51:52.453Z', 'cd7b9d5f-d45c-4b5f-b113-68505a8cae27');

INSERT INTO journal_entry_lines (id, journal_entry_id, line_number, account_id, description, debit, credit, customer_id)
VALUES ('f8f82a4d-e02d-4c4e-a489-8e6bfb571f90', 'fb145f49-e6fc-4dd5-bbf6-148f25c17bc8', 1, 'f78ba556-94ff-456b-8645-34d6b0494d97', 'Historical COGS correction - SAPJ-26-012', 9502720, 0, 'ac817bd9-8250-4a98-ae6c-683a2381afb2');
INSERT INTO journal_entry_lines (id, journal_entry_id, line_number, account_id, description, debit, credit, customer_id)
VALUES ('fc1df299-2940-48b5-bead-51de377e053a', 'fb145f49-e6fc-4dd5-bbf6-148f25c17bc8', 2, 'cf7cd507-ff0d-4abf-9341-23e4177ad799', 'Historical inventory credit for COGS correction - SAPJ-26-012', 0, 9502720, 'ac817bd9-8250-4a98-ae6c-683a2381afb2');

INSERT INTO journal_entries (id, entry_number, entry_date, source_module, reference_id, reference_number, description, total_debit, total_credit, is_posted, posted_at, created_by)
VALUES ('2bec1072-99e6-45d9-a8b3-663727734377', 'HFR-260603-COGS-026', '2026-04-09', 'historical_cogs_correction', '6ed2c595-d8b9-4826-83ec-176dd8052d60', 'SAPJ-26-009', 'Historical COGS correction for SAPJ-26-009; additive repair HFR-260603', 7799756, 7799756, true, '2026-06-03T03:51:52.453Z', 'cd7b9d5f-d45c-4b5f-b113-68505a8cae27');

INSERT INTO journal_entry_lines (id, journal_entry_id, line_number, account_id, description, debit, credit, customer_id)
VALUES ('e2832b8d-298e-4dd3-8d92-8d7fdf9d10c7', '2bec1072-99e6-45d9-a8b3-663727734377', 1, 'f78ba556-94ff-456b-8645-34d6b0494d97', 'Historical COGS correction - SAPJ-26-009', 7799756, 0, '07129eb5-9381-43b9-9417-5e224cd04684');
INSERT INTO journal_entry_lines (id, journal_entry_id, line_number, account_id, description, debit, credit, customer_id)
VALUES ('8a3817dd-740d-41e0-8636-09b8ba2f156a', '2bec1072-99e6-45d9-a8b3-663727734377', 2, 'cf7cd507-ff0d-4abf-9341-23e4177ad799', 'Historical inventory credit for COGS correction - SAPJ-26-009', 0, 7799756, '07129eb5-9381-43b9-9417-5e224cd04684');

INSERT INTO journal_entries (id, entry_number, entry_date, source_module, reference_id, reference_number, description, total_debit, total_credit, is_posted, posted_at, created_by)
VALUES ('7e537a53-795a-4308-84f4-a660376b222e', 'HFR-260603-COGS-027', '2026-03-10', 'historical_cogs_correction', '5f4eda84-5070-475a-bac8-58552a9c6887', 'SAPJ-26-008', 'Historical COGS correction for SAPJ-26-008; additive repair HFR-260603', 3554531, 3554531, true, '2026-06-03T03:51:52.453Z', 'cd7b9d5f-d45c-4b5f-b113-68505a8cae27');

INSERT INTO journal_entry_lines (id, journal_entry_id, line_number, account_id, description, debit, credit, customer_id)
VALUES ('3fa787bf-4d32-417a-b1ff-565a390c63ad', '7e537a53-795a-4308-84f4-a660376b222e', 1, 'f78ba556-94ff-456b-8645-34d6b0494d97', 'Historical COGS correction - SAPJ-26-008', 3554531, 0, '47410ca0-44b7-423a-8d85-09bdc3aa2c78');
INSERT INTO journal_entry_lines (id, journal_entry_id, line_number, account_id, description, debit, credit, customer_id)
VALUES ('48bfa28d-7f07-4aed-93c6-5f49aee466f8', '7e537a53-795a-4308-84f4-a660376b222e', 2, 'cf7cd507-ff0d-4abf-9341-23e4177ad799', 'Historical inventory credit for COGS correction - SAPJ-26-008', 0, 3554531, '47410ca0-44b7-423a-8d85-09bdc3aa2c78');

INSERT INTO journal_entries (id, entry_number, entry_date, source_module, reference_id, reference_number, description, total_debit, total_credit, is_posted, posted_at, created_by)
VALUES ('cb74bbeb-cf38-40d5-bb48-dbb651e885b9', 'HFR-260603-COGS-028', '2025-12-02', 'historical_cogs_correction', 'ba93fe46-6316-4029-bd2c-a22bcd190ec3', 'SAPJ-006', 'Historical COGS correction for SAPJ-006; additive repair HFR-260603', 2435044.56, 2435044.56, true, '2026-06-03T03:51:52.453Z', '87d975a9-2a46-49a5-9014-f244d1140aba');

INSERT INTO journal_entry_lines (id, journal_entry_id, line_number, account_id, description, debit, credit, customer_id)
VALUES ('8d6c0aeb-0d13-41b0-b5a7-ecc3ae3c15ee', 'cb74bbeb-cf38-40d5-bb48-dbb651e885b9', 1, 'f78ba556-94ff-456b-8645-34d6b0494d97', 'Historical COGS correction - SAPJ-006', 2435044.56, 0, 'ac817bd9-8250-4a98-ae6c-683a2381afb2');
INSERT INTO journal_entry_lines (id, journal_entry_id, line_number, account_id, description, debit, credit, customer_id)
VALUES ('f3164a03-9a9f-4771-bfb1-64a7bb258e7f', 'cb74bbeb-cf38-40d5-bb48-dbb651e885b9', 2, 'cf7cd507-ff0d-4abf-9341-23e4177ad799', 'Historical inventory credit for COGS correction - SAPJ-006', 0, 2435044.56, 'ac817bd9-8250-4a98-ae6c-683a2381afb2');

INSERT INTO journal_entries (id, entry_number, entry_date, source_module, reference_id, reference_number, description, total_debit, total_credit, is_posted, posted_at, created_by)
VALUES ('5d4f64f8-e6de-42c7-b188-301baf9d4fb3', 'HFR-260603-COGS-029', '2026-05-21', 'historical_cogs_correction', 'bebaa804-1a19-4273-ab82-207dada0f8ee', 'SAPJ-26-020', 'Historical COGS correction for SAPJ-26-020; additive repair HFR-260603', 1100226.25, 1100226.25, true, '2026-06-03T03:51:52.453Z', 'cd7b9d5f-d45c-4b5f-b113-68505a8cae27');

INSERT INTO journal_entry_lines (id, journal_entry_id, line_number, account_id, description, debit, credit, customer_id)
VALUES ('c80d4143-a16a-4122-b856-566b8845ab24', '5d4f64f8-e6de-42c7-b188-301baf9d4fb3', 1, 'f78ba556-94ff-456b-8645-34d6b0494d97', 'Historical COGS correction - SAPJ-26-020', 1100226.25, 0, 'b8f9dc5e-2cdf-4527-8960-186bb2a30913');
INSERT INTO journal_entry_lines (id, journal_entry_id, line_number, account_id, description, debit, credit, customer_id)
VALUES ('f8b3bb53-410a-401d-ad2e-080e979d291f', '5d4f64f8-e6de-42c7-b188-301baf9d4fb3', 2, 'cf7cd507-ff0d-4abf-9341-23e4177ad799', 'Historical inventory credit for COGS correction - SAPJ-26-020', 0, 1100226.25, 'b8f9dc5e-2cdf-4527-8960-186bb2a30913');

INSERT INTO journal_entries (id, entry_number, entry_date, source_module, reference_id, reference_number, description, total_debit, total_credit, is_posted, posted_at, created_by)
VALUES ('47ca969c-69dc-4541-96f2-0f6a6a47df36', 'HFR-260603-COGS-030', '2026-04-22', 'historical_cogs_correction', '4f6e7ee0-837f-4c42-9eb9-db2dd0d40bac', 'SAPJ-26-015', 'Historical COGS correction for SAPJ-26-015; additive repair HFR-260603', 1100226.25, 1100226.25, true, '2026-06-03T03:51:52.453Z', 'cd7b9d5f-d45c-4b5f-b113-68505a8cae27');

INSERT INTO journal_entry_lines (id, journal_entry_id, line_number, account_id, description, debit, credit, customer_id)
VALUES ('79669147-0705-4dd5-b99d-1f53e8d5b328', '47ca969c-69dc-4541-96f2-0f6a6a47df36', 1, 'f78ba556-94ff-456b-8645-34d6b0494d97', 'Historical COGS correction - SAPJ-26-015', 1100226.25, 0, 'de615548-ce42-42b9-9ad9-486f28797b5a');
INSERT INTO journal_entry_lines (id, journal_entry_id, line_number, account_id, description, debit, credit, customer_id)
VALUES ('4e2e9236-2215-460a-b63a-622178860a8f', '47ca969c-69dc-4541-96f2-0f6a6a47df36', 2, 'cf7cd507-ff0d-4abf-9341-23e4177ad799', 'Historical inventory credit for COGS correction - SAPJ-26-015', 0, 1100226.25, 'de615548-ce42-42b9-9ad9-486f28797b5a');

INSERT INTO journal_entries (id, entry_number, entry_date, source_module, reference_id, reference_number, description, total_debit, total_credit, is_posted, posted_at, created_by)
VALUES ('6542ed89-80ff-4695-8183-ed72e0c068b3', 'HFR-260603-COGS-031', '2026-06-02', 'historical_cogs_correction', '1e6e52fd-04cd-4139-92c5-657541364193', 'TEST-COGS-405538243-T2', 'Historical COGS correction for TEST-COGS-405538243-T2; additive repair HFR-260603', 254002.5, 254002.5, true, '2026-06-03T03:51:52.453Z', '87d975a9-2a46-49a5-9014-f244d1140aba');

INSERT INTO journal_entry_lines (id, journal_entry_id, line_number, account_id, description, debit, credit, customer_id)
VALUES ('d6651cd3-a986-4ac2-af88-8e8a2af7e96e', '6542ed89-80ff-4695-8183-ed72e0c068b3', 1, 'f78ba556-94ff-456b-8645-34d6b0494d97', 'Historical COGS correction - TEST-COGS-405538243-T2', 254002.5, 0, '28bd0ec0-6705-4188-9bb1-82fe5e4da4d8');
INSERT INTO journal_entry_lines (id, journal_entry_id, line_number, account_id, description, debit, credit, customer_id)
VALUES ('b18038ef-236c-4a3b-9785-b4939fbe3903', '6542ed89-80ff-4695-8183-ed72e0c068b3', 2, 'cf7cd507-ff0d-4abf-9341-23e4177ad799', 'Historical inventory credit for COGS correction - TEST-COGS-405538243-T2', 0, 254002.5, '28bd0ec0-6705-4188-9bb1-82fe5e4da4d8');

INSERT INTO journal_entries (id, entry_number, entry_date, source_module, reference_id, reference_number, description, total_debit, total_credit, is_posted, posted_at, created_by)
VALUES ('2a5be477-3b96-4598-be72-9ccbe8dae296', 'HFR-260603-COGS-032', '2026-06-02', 'historical_cogs_correction', '376f62f1-1532-45fc-983e-22e69717577a', 'TEST-COGS-405537616-T1', 'Historical COGS correction for TEST-COGS-405537616-T1; additive repair HFR-260603', 41998.69, 41998.69, true, '2026-06-03T03:51:52.453Z', '87d975a9-2a46-49a5-9014-f244d1140aba');

INSERT INTO journal_entry_lines (id, journal_entry_id, line_number, account_id, description, debit, credit, customer_id)
VALUES ('f8ac9b9d-c4c4-40c4-a602-fb87fc1db11e', '2a5be477-3b96-4598-be72-9ccbe8dae296', 1, 'f78ba556-94ff-456b-8645-34d6b0494d97', 'Historical COGS correction - TEST-COGS-405537616-T1', 41998.69, 0, '28bd0ec0-6705-4188-9bb1-82fe5e4da4d8');
INSERT INTO journal_entry_lines (id, journal_entry_id, line_number, account_id, description, debit, credit, customer_id)
VALUES ('fd3212d5-8bef-43d0-8807-cb7ec04df195', '2a5be477-3b96-4598-be72-9ccbe8dae296', 2, 'cf7cd507-ff0d-4abf-9341-23e4177ad799', 'Historical inventory credit for COGS correction - TEST-COGS-405537616-T1', 0, 41998.69, '28bd0ec0-6705-4188-9bb1-82fe5e4da4d8');

INSERT INTO journal_entry_lines (id, journal_entry_id, line_number, account_id, description, debit, credit)
VALUES ('f088247e-1b1d-4b4a-ae9c-5f45c04b53e8', '3bb7a82a-5f44-4585-b7a7-1e78bc3e4770', 3, 'a36fb65b-ff03-4bb6-9edb-e216a54c0fe6', 'Corrective balancing debit for missing 11% PPN input; additive repair HFR-260603', 515315.35, 0);
UPDATE journal_entries
SET total_debit = 5200000.35,
    total_credit = 5200000.35
WHERE id = '3bb7a82a-5f44-4585-b7a7-1e78bc3e4770';


INSERT INTO journal_entry_lines (id, journal_entry_id, line_number, account_id, description, debit, credit)
VALUES ('f4b7022b-a0c4-4419-a7d3-6f0297470756', 'd94350f4-37b7-434c-96b0-73b11e06cb9d', 3, 'a36fb65b-ff03-4bb6-9edb-e216a54c0fe6', 'Corrective balancing debit for missing 11% PPN input; additive repair HFR-260603', 515315.35, 0);
UPDATE journal_entries
SET total_debit = 5200000.35,
    total_credit = 5200000.35
WHERE id = 'd94350f4-37b7-434c-96b0-73b11e06cb9d';


INSERT INTO journal_entry_lines (id, journal_entry_id, line_number, account_id, description, debit, credit)
VALUES ('365d26d1-e6f4-4883-bf05-49893db22149', 'd403aeb3-13b9-4e17-a3a5-95653dbc1941', 12, 'cf7cd507-ff0d-4abf-9341-23e4177ad799', 'Corrective balancing credit for duplicate inventory debit; additive repair HFR-260603', 0, 982.5);
UPDATE journal_entries
SET total_debit = 71581,
    total_credit = 71581
WHERE id = 'd403aeb3-13b9-4e17-a3a5-95653dbc1941';


INSERT INTO inventory_transactions (id, batch_id, product_id, transaction_type, quantity, reference_type, reference_id, reference_number, transaction_date, notes, stock_before, stock_after, metadata)
VALUES ('af0049b7-f2c8-4311-a95c-5c93b79599ed', '0db25472-29a7-432f-a847-938f64aab7b0', '3e5fd03d-c2b6-4507-8333-8a1ea8b9decc', 'adjustment', 1, 'historical_stock_adjustment', '0db25472-29a7-432f-a847-938f64aab7b0', 'HFR-260603-STOCK', '2026-06-03', 'Historical physical stock correction for batch 250816w2; current 1449, delivered 550, import 2000; additive repair HFR-260603', 1449, 1450, '{"repair_run":"HFR-260603","product_name":"Microcrystalline Cellulose (PH - 102)","batch_number":"250816w2","import_quantity":2000,"delivered":550,"invoiced":551,"valuation_impact":44009.05}'::jsonb);
UPDATE batches
SET current_stock = 1450,
    updated_at = now()
WHERE id = '0db25472-29a7-432f-a847-938f64aab7b0';
UPDATE products
SET current_stock = 1450,
    updated_at = now()
WHERE id = '3e5fd03d-c2b6-4507-8333-8a1ea8b9decc';


INSERT INTO inventory_transactions (id, batch_id, product_id, transaction_type, quantity, reference_type, reference_id, reference_number, transaction_date, notes, stock_before, stock_after, metadata)
VALUES ('7372f0f6-b2a2-47ad-9627-428566832b7e', 'cb5539e0-4c14-4086-ba30-92cf194d5db2', '4fd7e5b5-1226-4044-b9bd-e16e1e8a516a', 'adjustment', -50, 'historical_stock_adjustment', 'cb5539e0-4c14-4086-ba30-92cf194d5db2', 'HFR-260603-STOCK', '2026-06-03', 'Historical physical stock correction for batch 4001/1101/25/A-3147; current 0, delivered 1050, import 1000; additive repair HFR-260603', 0, -50, '{"repair_run":"HFR-260603","product_name":"Ibuprofen BP","batch_number":"4001/1101/25/A-3147","import_quantity":1000,"delivered":1050,"invoiced":1000,"valuation_impact":-7799756}'::jsonb);
UPDATE batches
SET current_stock = -50,
    updated_at = now()
WHERE id = 'cb5539e0-4c14-4086-ba30-92cf194d5db2';
UPDATE products
SET current_stock = 0,
    updated_at = now()
WHERE id = '4fd7e5b5-1226-4044-b9bd-e16e1e8a516a';

COMMIT;